time_s,temperature_C,energy_kJ
0.0,25.1,0.2
1.0,25.200000000000003,0.4
2.0,25.300000000000004,0.6
3.0,25.400000000000006,0.8
4.0,25.500000000000007,1.0
5.0,25.60000000000001,1.2
6.0,25.70000000000001,1.4
7.0,25.80000000000001,1.6
8.0,25.900000000000013,1.8
9.0,26.000000000000014,2.0
10.0,26.100000000000016,2.2
11.0,26.200000000000017,2.4
12.0,26.30000000000002,2.6
13.0,26.40000000000002,2.8
14.0,26.50000000000002,3.0
15.0,26.600000000000023,3.2
16.0,26.700000000000024,3.4
17.0,26.800000000000026,3.6
18.0,26.900000000000027,3.8
19.0,27.00000000000003,4.0
20.0,27.10000000000003,4.2
21.0,27.20000000000003,4.4
22.0,27.300000000000033,4.6
23.0,27.400000000000034,4.8
24.0,27.500000000000036,5.0
25.0,27.600000000000037,5.2
26.0,27.70000000000004,5.4
27.0,27.80000000000004,5.6
28.0,27.90000000000004,5.8
29.0,28.000000000000043,6.0
30.0,28.100000000000044,6.2
31.0,28.200000000000045,6.4
32.0,28.300000000000047,6.6
33.0,28.40000000000005,6.8
34.0,28.50000000000005,7.0
35.0,28.60000000000005,7.2
36.0,28.700000000000053,7.4
37.0,28.800000000000054,7.6
38.0,28.900000000000055,7.8
39.0,29.000000000000057,8.0
40.0,29.10000000000006,8.2
41.0,29.20000000000006,8.4
42.0,29.30000000000006,8.6
43.0,29.400000000000063,8.8
44.0,29.500000000000064,9.0
45.0,29.600000000000065,9.2
46.0,29.700000000000067,9.4
47.0,29.800000000000068,9.6
48.0,29.90000000000007,9.8
49.0,30.00000000000007,10.0
50.0,30.100000000000072,10.2
51.0,30.200000000000074,10.4
52.0,30.300000000000075,10.6
53.0,30.400000000000077,10.8
54.0,30.500000000000078,11.0
55.0,30.60000000000008,11.2
56.0,30.70000000000008,11.4
57.0,30.800000000000082,11.6
58.0,30.900000000000084,11.8
59.0,31.000000000000085,12.0
60.0,31.100000000000087,12.2
61.0,31.200000000000088,12.4
62.0,31.30000000000009,12.6
63.0,31.40000000000009,12.8
64.0,31.500000000000092,13.0
65.0,31.600000000000094,13.2
66.0,31.700000000000095,13.4
67.0,31.800000000000097,13.6
68.0,31.900000000000098,13.8
69.0,32.0000000000001,14.0
70.0,32.1000000000001,14.2
71.0,32.2000000000001,14.4
72.0,32.300000000000104,14.6
73.0,32.400000000000105,14.8
74.0,32.50000000000011,15.0
75.0,32.60000000000011,15.2
76.0,32.70000000000011,15.4
77.0,32.80000000000011,15.6
78.0,32.90000000000011,15.8
79.0,33.000000000000114,16.0
80.0,33.100000000000115,16.2
81.0,33.20000000000012,16.4
82.0,33.30000000000012,16.6
83.0,33.40000000000012,16.8
84.0,33.50000000000012,17.0
85.0,33.60000000000012,17.2
86.0,33.700000000000124,17.4
87.0,33.800000000000125,17.6
88.0,33.90000000000013,17.8
89.0,34.00000000000013,18.0
90.0,34.10000000000013,18.2
91.0,34.20000000000013,18.4
92.0,34.30000000000013,18.6
93.0,34.400000000000134,18.8
94.0,34.500000000000135,19.0
95.0,34.600000000000136,19.2
96.0,34.70000000000014,19.4
97.0,34.80000000000014,19.6
98.0,34.90000000000014,19.8
99.0,35.00000000000014,20.0
100.0,35.10000000000014,20.2
101.0,35.200000000000145,20.4
102.0,35.300000000000146,20.6
103.0,35.40000000000015,20.8
104.0,35.50000000000015,21.0
105.0,35.60000000000015,21.2
106.0,35.70000000000015,21.4
107.0,35.80000000000015,21.6
108.0,35.900000000000155,21.8
109.0,36.000000000000156,22.0
110.0,36.10000000000016,22.2
111.0,36.20000000000016,22.4
112.0,36.30000000000016,22.6
113.0,36.40000000000016,22.8
114.0,36.50000000000016,23.0
115.0,36.600000000000165,23.2
116.0,36.700000000000166,23.4
117.0,36.80000000000017,23.6
118.0,36.90000000000017,23.8
119.0,37.00000000000017,24.0
120.0,37.10000000000017,24.2
121.0,37.20000000000017,24.4
122.0,37.300000000000175,24.6
123.0,37.400000000000176,24.8
124.0,37.50000000000018,25.0
125.0,37.60000000000018,25.2
126.0,37.70000000000018,25.4
127.0,37.80000000000018,25.6
128.0,37.90000000000018,25.8
129.0,38.000000000000185,26.0
130.0,38.100000000000186,26.2
131.0,38.20000000000019,26.4
132.0,38.30000000000019,26.6
133.0,38.40000000000019,26.8
134.0,38.50000000000019,27.0
135.0,38.60000000000019,27.2
136.0,38.700000000000195,27.4
137.0,38.800000000000196,27.6
138.0,38.9000000000002,27.8
139.0,39.0000000000002,28.0
140.0,39.1000000000002,28.2
141.0,39.2000000000002,28.4
142.0,39.3000000000002,28.6
143.0,39.400000000000205,28.8
144.0,39.500000000000206,29.0
145.0,39.60000000000021,29.2
146.0,39.70000000000021,29.4
147.0,39.80000000000021,29.6
148.0,39.90000000000021,29.8
149.0,40.00000000000021,30.0
150.0,40.100000000000215,30.2
151.0,40.200000000000216,30.4
152.0,40.30000000000022,30.6
153.0,40.40000000000022,30.8
154.0,40.50000000000022,31.0
155.0,40.60000000000022,31.2
156.0,40.70000000000022,31.4
157.0,40.800000000000225,31.6
158.0,40.900000000000226,31.8
159.0,41.00000000000023,32.0
160.0,41.10000000000023,32.2
161.0,41.20000000000023,32.4
162.0,41.30000000000023,32.6
163.0,41.40000000000023,32.8
164.0,41.500000000000234,33.0
165.0,41.600000000000236,33.2
166.0,41.70000000000024,33.4
167.0,41.80000000000024,33.6
168.0,41.90000000000024,33.8
169.0,42.00000000000024,34.0
170.0,42.10000000000024,34.2
171.0,42.200000000000244,34.4
172.0,42.300000000000246,34.6
173.0,42.40000000000025,34.8
174.0,42.50000000000025,35.0
175.0,42.60000000000025,35.2
176.0,42.70000000000025,35.4
177.0,42.80000000000025,35.6
178.0,42.900000000000254,35.8
179.0,43.000000000000256,36.0
180.0,43.10000000000026,36.2
181.0,43.20000000000026,36.4
182.0,43.30000000000026,36.6
183.0,43.40000000000026,36.8
184.0,43.50000000000026,37.0
185.0,43.600000000000264,37.2
186.0,43.700000000000266,37.4
187.0,43.80000000000027,37.6
188.0,43.90000000000027,37.8
189.0,44.00000000000027,38.0
190.0,44.10000000000027,38.2
191.0,44.20000000000027,38.4
192.0,44.300000000000274,38.6
193.0,44.400000000000276,38.8
194.0,44.50000000000028,39.0
195.0,44.60000000000028,39.2
196.0,44.70000000000028,39.4
197.0,44.80000000000028,39.6
198.0,44.90000000000028,39.8
199.0,45.000000000000284,40.0
200.0,45.100000000000286,40.2
201.0,45.20000000000029,40.4
202.0,45.30000000000029,40.6
203.0,45.40000000000029,40.8
204.0,45.50000000000029,41.0
205.0,45.60000000000029,41.2
206.0,45.700000000000294,41.4
207.0,45.800000000000296,41.6
208.0,45.9000000000003,41.8
209.0,46.0000000000003,42.0
210.0,46.1000000000003,42.2
211.0,46.2000000000003,42.4
212.0,46.3000000000003,42.6
213.0,46.400000000000304,42.8
214.0,46.500000000000306,43.0
215.0,46.60000000000031,43.2
216.0,46.70000000000031,43.4
217.0,46.80000000000031,43.6
218.0,46.90000000000031,43.8
219.0,47.00000000000031,44.0
220.0,47.100000000000314,44.2
221.0,47.200000000000315,44.4
222.0,47.30000000000032,44.6
223.0,47.40000000000032,44.8
224.0,47.50000000000032,45.0
225.0,47.60000000000032,45.2
226.0,47.70000000000032,45.4
227.0,47.800000000000324,45.6
228.0,47.900000000000325,45.8
229.0,48.00000000000033,46.0
230.0,48.10000000000033,46.2
231.0,48.20000000000033,46.4
232.0,48.30000000000033,46.6
233.0,48.40000000000033,46.8
234.0,48.500000000000334,47.0
235.0,48.600000000000335,47.2
236.0,48.70000000000034,47.4
237.0,48.80000000000034,47.6
238.0,48.90000000000034,47.8
239.0,49.00000000000034,48.0
240.0,49.10000000000034,48.2
241.0,49.200000000000344,48.4
242.0,49.300000000000345,48.6
243.0,49.40000000000035,48.8
244.0,49.50000000000035,49.0
245.0,49.60000000000035,49.2
246.0,49.70000000000035,49.4
247.0,49.80000000000035,49.6
248.0,49.900000000000354,49.8
249.0,50.000000000000355,50.0
250.0,50.10000000000036,50.2
251.0,50.20000000000036,50.4
252.0,50.30000000000036,50.6
253.0,50.40000000000036,50.8
254.0,50.50000000000036,51.0
255.0,50.600000000000364,51.2
256.0,50.700000000000365,51.4
257.0,50.80000000000037,51.6
258.0,50.90000000000037,51.8
259.0,51.00000000000037,52.0
260.0,51.10000000000037,52.2
261.0,51.20000000000037,52.4
262.0,51.300000000000374,52.6
263.0,51.400000000000375,52.8
264.0,51.50000000000038,53.0
265.0,51.60000000000038,53.2
266.0,51.70000000000038,53.4
267.0,51.80000000000038,53.6
268.0,51.90000000000038,53.8
269.0,52.000000000000384,54.0
270.0,52.100000000000385,54.2
271.0,52.20000000000039,54.4
272.0,52.30000000000039,54.6
273.0,52.40000000000039,54.8
274.0,52.50000000000039,55.0
275.0,52.60000000000039,55.2
276.0,52.700000000000394,55.4
277.0,52.800000000000395,55.6
278.0,52.9000000000004,55.8
279.0,53.0000000000004,56.0
280.0,53.1000000000004,56.2
281.0,53.2000000000004,56.4
282.0,53.3000000000004,56.6
283.0,53.400000000000404,56.8
284.0,53.500000000000405,57.0
285.0,53.600000000000406,57.2
286.0,53.70000000000041,57.4
287.0,53.80000000000041,57.6
288.0,53.90000000000041,57.8
289.0,54.00000000000041,58.0
290.0,54.10000000000041,58.2
291.0,54.200000000000415,58.4
292.0,54.300000000000416,58.6
293.0,54.40000000000042,58.8
294.0,54.50000000000042,59.0
295.0,54.60000000000042,59.2
296.0,54.70000000000042,59.4
297.0,54.80000000000042,59.6
298.0,54.900000000000425,59.8
299.0,55.000000000000426,60.0
300.0,55.0,60.2
301.0,55.0,60.4
302.0,55.0,60.6
303.0,55.0,60.8
304.0,55.0,61.0
305.0,55.0,61.2
306.0,55.0,61.4
307.0,55.0,61.6
308.0,55.0,61.8
309.0,55.0,62.0
310.0,55.0,62.2
311.0,55.0,62.4
312.0,55.0,62.6
313.0,55.0,62.8
314.0,55.0,63.0
315.0,55.0,63.2
316.0,55.0,63.4
317.0,55.0,63.6
318.0,55.0,63.8
319.0,55.0,64.0
320.0,55.0,64.2
321.0,55.0,64.4
322.0,55.0,64.6
323.0,55.0,64.8
324.0,55.0,65.0
325.0,55.0,65.2
326.0,55.0,65.4
327.0,55.0,65.6
328.0,55.0,65.8
329.0,55.0,66.0
330.0,55.0,66.2
331.0,55.0,66.4
332.0,55.0,66.6
333.0,55.0,66.8
334.0,55.0,67.0
335.0,55.0,67.2
336.0,55.0,67.4
337.0,55.0,67.6
338.0,55.0,67.8
339.0,55.0,68.0
340.0,55.0,68.2
341.0,55.0,68.4
342.0,55.0,68.6
343.0,55.0,68.8
344.0,55.0,69.0
345.0,55.0,69.2
346.0,55.0,69.4
347.0,55.0,69.6
348.0,55.0,69.8
349.0,55.0,70.0
350.0,55.0,70.2
351.0,55.0,70.4
352.0,55.0,70.6
353.0,55.0,70.8
354.0,55.0,71.0
355.0,55.0,71.2
356.0,55.0,71.4
357.0,55.0,71.6
358.0,55.0,71.8
359.0,55.0,72.0
360.0,55.0,72.2
361.0,55.0,72.4
362.0,55.0,72.6
363.0,55.0,72.8
364.0,55.0,73.0
365.0,55.0,73.2
366.0,55.0,73.4
367.0,55.0,73.6
368.0,55.0,73.8
369.0,55.0,74.0
370.0,55.0,74.2
371.0,55.0,74.4
372.0,55.0,74.6
373.0,55.0,74.8
374.0,55.0,75.0
375.0,55.0,75.2
376.0,55.0,75.4
377.0,55.0,75.6
378.0,55.0,75.8
379.0,55.0,76.0
380.0,55.0,76.2
381.0,55.0,76.4
382.0,55.0,76.6
383.0,55.0,76.8
384.0,55.0,77.0
385.0,55.0,77.2
386.0,55.0,77.4
387.0,55.0,77.6
388.0,55.0,77.8
389.0,55.0,78.0
390.0,55.0,78.2
391.0,55.0,78.4
392.0,55.0,78.6
393.0,55.0,78.8
394.0,55.0,79.0
395.0,55.0,79.2
396.0,55.0,79.4
397.0,55.0,79.6
398.0,55.0,79.8
399.0,55.0,80.0
400.0,55.0,80.2
401.0,55.0,80.4
402.0,55.0,80.6
403.0,55.0,80.8
404.0,55.0,81.0
405.0,55.0,81.2
406.0,55.0,81.4
407.0,55.0,81.6
408.0,55.0,81.8
409.0,55.0,82.0
410.0,55.0,82.2
411.0,55.0,82.4
412.0,55.0,82.6
413.0,55.0,82.8
414.0,55.0,83.0
415.0,55.0,83.2
416.0,55.0,83.4
417.0,55.0,83.6
418.0,55.0,83.8
419.0,55.0,84.0
420.0,55.0,84.2
421.0,55.0,84.4
422.0,55.0,84.6
423.0,55.0,84.8
424.0,55.0,85.0
425.0,55.0,85.2
426.0,55.0,85.4
427.0,55.0,85.6
428.0,55.0,85.8
429.0,55.0,86.0
430.0,55.0,86.2
431.0,55.0,86.4
432.0,55.0,86.6
433.0,55.0,86.8
434.0,55.0,87.0
435.0,55.0,87.2
436.0,55.0,87.4
437.0,55.0,87.6
438.0,55.0,87.8
439.0,55.0,88.0
440.0,55.0,88.2
441.0,55.0,88.4
442.0,55.0,88.6
443.0,55.0,88.8
444.0,55.0,89.0
445.0,55.0,89.2
446.0,55.0,89.4
447.0,55.0,89.6
448.0,55.0,89.8
449.0,55.0,90.0
450.0,55.0,90.2
451.0,55.0,90.4
452.0,55.0,90.6
453.0,55.0,90.8
454.0,55.0,91.0
455.0,55.0,91.2
456.0,55.0,91.4
457.0,55.0,91.6
458.0,55.0,91.8
459.0,55.0,92.0
460.0,55.0,92.2
461.0,55.0,92.4
462.0,55.0,92.6
463.0,55.0,92.8
464.0,55.0,93.0
465.0,55.0,93.2
466.0,55.0,93.4
467.0,55.0,93.6
468.0,55.0,93.8
469.0,55.0,94.0
470.0,55.0,94.2
471.0,55.0,94.4
472.0,55.0,94.6
473.0,55.0,94.8
474.0,55.0,95.0
475.0,55.0,95.2
476.0,55.0,95.4
477.0,55.0,95.6
478.0,55.0,95.8
479.0,55.0,96.0
480.0,55.0,96.2
481.0,55.0,96.4
482.0,55.0,96.6
483.0,55.0,96.8
484.0,55.0,97.0
485.0,55.0,97.2
486.0,55.0,97.4
487.0,55.0,97.6
488.0,55.0,97.8
489.0,55.0,98.0
490.0,55.0,98.2
491.0,55.0,98.4
492.0,55.0,98.6
493.0,55.0,98.8
494.0,55.0,99.0
495.0,55.0,99.2
496.0,55.0,99.4
497.0,55.0,99.6
498.0,55.0,99.8
499.0,55.0,100.0
500.0,55.0,100.2
501.0,55.0,100.4
502.0,55.0,100.6
503.0,55.0,100.8
504.0,55.0,101.0
505.0,55.0,101.2
506.0,55.0,101.4
507.0,55.0,101.6
508.0,55.0,101.8
509.0,55.0,102.0
510.0,55.0,102.2
511.0,55.0,102.4
512.0,55.0,102.6
513.0,55.0,102.8
514.0,55.0,103.0
515.0,55.0,103.2
516.0,55.0,103.4
517.0,55.0,103.6
518.0,55.0,103.8
519.0,55.0,104.0
520.0,55.0,104.2
521.0,55.0,104.4
522.0,55.0,104.6
523.0,55.0,104.8
524.0,55.0,105.0
525.0,55.0,105.2
526.0,55.0,105.4
527.0,55.0,105.6
528.0,55.0,105.8
529.0,55.0,106.0
530.0,55.0,106.2
531.0,55.0,106.4
532.0,55.0,106.6
533.0,55.0,106.8
534.0,55.0,107.0
535.0,55.0,107.2
536.0,55.0,107.4
537.0,55.0,107.6
538.0,55.0,107.8
539.0,55.0,108.0
540.0,55.0,108.2
541.0,55.0,108.4
542.0,55.0,108.6
543.0,55.0,108.8
544.0,55.0,109.0
545.0,55.0,109.2
546.0,55.0,109.4
547.0,55.0,109.6
548.0,55.0,109.8
549.0,55.0,110.0
550.0,55.0,110.2
551.0,55.0,110.4
552.0,55.0,110.6
553.0,55.0,110.8
554.0,55.0,111.0
555.0,55.0,111.2
556.0,55.0,111.4
557.0,55.0,111.6
558.0,55.0,111.8
559.0,55.0,112.0
560.0,55.0,112.2
561.0,55.0,112.4
562.0,55.0,112.6
563.0,55.0,112.8
564.0,55.0,113.0
565.0,55.0,113.2
566.0,55.0,113.4
567.0,55.0,113.6
568.0,55.0,113.8
569.0,55.0,114.0
570.0,55.0,114.2
571.0,55.0,114.4
572.0,55.0,114.6
573.0,55.0,114.8
574.0,55.0,115.0
575.0,55.0,115.2
576.0,55.0,115.4
577.0,55.0,115.6
578.0,55.0,115.8
579.0,55.0,116.0
580.0,55.0,116.2
581.0,55.0,116.4
582.0,55.0,116.6
583.0,55.0,116.8
584.0,55.0,117.0
585.0,55.0,117.2
586.0,55.0,117.4
587.0,55.0,117.6
588.0,55.0,117.8
589.0,55.0,118.0
590.0,55.0,118.2
591.0,55.0,118.4
592.0,55.0,118.6
593.0,55.0,118.8
594.0,55.0,119.0
595.0,55.0,119.2
596.0,55.0,119.4
597.0,55.0,119.6
598.0,55.0,119.8
599.0,55.0,120.0
600.0,55.0,120.2
601.0,55.0,120.4
602.0,55.0,120.6
603.0,55.0,120.8
604.0,55.0,121.0
605.0,55.0,121.2
606.0,55.0,121.4
607.0,55.0,121.6
608.0,55.0,121.8
609.0,55.0,122.0
610.0,55.0,122.2
611.0,55.0,122.4
612.0,55.0,122.6
613.0,55.0,122.8
614.0,55.0,123.0
615.0,55.0,123.2
616.0,55.0,123.4
617.0,55.0,123.6
618.0,55.0,123.8
619.0,55.0,124.0
620.0,55.0,124.2
621.0,55.0,124.4
622.0,55.0,124.6
623.0,55.0,124.8
624.0,55.0,125.0
625.0,55.0,125.2
626.0,55.0,125.4
627.0,55.0,125.6
628.0,55.0,125.8
629.0,55.0,126.0
630.0,55.0,126.2
631.0,55.0,126.4
632.0,55.0,126.6
633.0,55.0,126.8
634.0,55.0,127.0
635.0,55.0,127.2
636.0,55.0,127.4
637.0,55.0,127.6
638.0,55.0,127.8
639.0,55.0,128.0
640.0,55.0,128.2
641.0,55.0,128.4
642.0,55.0,128.6
643.0,55.0,128.8
644.0,55.0,129.0
645.0,55.0,129.2
646.0,55.0,129.4
647.0,55.0,129.6
648.0,55.0,129.8
649.0,55.0,130.0
650.0,55.0,130.2
651.0,55.0,130.4
652.0,55.0,130.6
653.0,55.0,130.8
654.0,55.0,131.0
655.0,55.0,131.2
656.0,55.0,131.4
657.0,55.0,131.6
658.0,55.0,131.8
659.0,55.0,132.0
660.0,55.0,132.2
661.0,55.0,132.4
662.0,55.0,132.6
663.0,55.0,132.8
664.0,55.0,133.0
665.0,55.0,133.2
666.0,55.0,133.4
667.0,55.0,133.6
668.0,55.0,133.8
669.0,55.0,134.0
670.0,55.0,134.2
671.0,55.0,134.4
672.0,55.0,134.6
673.0,55.0,134.8
674.0,55.0,135.0
675.0,55.0,135.2
676.0,55.0,135.4
677.0,55.0,135.6
678.0,55.0,135.8
679.0,55.0,136.0
680.0,55.0,136.2
681.0,55.0,136.4
682.0,55.0,136.6
683.0,55.0,136.8
684.0,55.0,137.0
685.0,55.0,137.2
686.0,55.0,137.4
687.0,55.0,137.6
688.0,55.0,137.8
689.0,55.0,138.0
690.0,55.0,138.2
691.0,55.0,138.4
692.0,55.0,138.6
693.0,55.0,138.8
694.0,55.0,139.0
695.0,55.0,139.2
696.0,55.0,139.4
697.0,55.0,139.6
698.0,55.0,139.8
699.0,55.0,140.0
700.0,55.0,140.2
701.0,55.0,140.4
702.0,55.0,140.6
703.0,55.0,140.8
704.0,55.0,141.0
705.0,55.0,141.2
706.0,55.0,141.4
707.0,55.0,141.6
708.0,55.0,141.8
709.0,55.0,142.0
710.0,55.0,142.2
711.0,55.0,142.4
712.0,55.0,142.6
713.0,55.0,142.8
714.0,55.0,143.0
715.0,55.0,143.2
716.0,55.0,143.4
717.0,55.0,143.6
718.0,55.0,143.8
719.0,55.0,144.0
720.0,55.0,144.2
721.0,55.0,144.4
722.0,55.0,144.6
723.0,55.0,144.8
724.0,55.0,145.0
725.0,55.0,145.2
726.0,55.0,145.4
727.0,55.0,145.6
728.0,55.0,145.8
729.0,55.0,146.0
730.0,55.0,146.2
731.0,55.0,146.4
732.0,55.0,146.6
733.0,55.0,146.8
734.0,55.0,147.0
735.0,55.0,147.2
736.0,55.0,147.4
737.0,55.0,147.6
738.0,55.0,147.8
739.0,55.0,148.0
740.0,55.0,148.2
741.0,55.0,148.4
742.0,55.0,148.6
743.0,55.0,148.8
744.0,55.0,149.0
745.0,55.0,149.2
746.0,55.0,149.4
747.0,55.0,149.6
748.0,55.0,149.8
749.0,55.0,150.0
750.0,55.0,150.2
751.0,55.0,150.4
752.0,55.0,150.6
753.0,55.0,150.8
754.0,55.0,151.0
755.0,55.0,151.2
756.0,55.0,151.4
757.0,55.0,151.6
758.0,55.0,151.8
759.0,55.0,152.0
760.0,55.0,152.2
761.0,55.0,152.4
762.0,55.0,152.6
763.0,55.0,152.8
764.0,55.0,153.0
765.0,55.0,153.2
766.0,55.0,153.4
767.0,55.0,153.6
768.0,55.0,153.8
769.0,55.0,154.0
770.0,55.0,154.2
771.0,55.0,154.4
772.0,55.0,154.6
773.0,55.0,154.8
774.0,55.0,155.0
775.0,55.0,155.2
776.0,55.0,155.4
777.0,55.0,155.6
778.0,55.0,155.8
779.0,55.0,156.0
780.0,55.0,156.2
781.0,55.0,156.4
782.0,55.0,156.6
783.0,55.0,156.8
784.0,55.0,157.0
785.0,55.0,157.2
786.0,55.0,157.4
787.0,55.0,157.6
788.0,55.0,157.8
789.0,55.0,158.0
790.0,55.0,158.2
791.0,55.0,158.4
792.0,55.0,158.6
793.0,55.0,158.8
794.0,55.0,159.0
795.0,55.0,159.2
796.0,55.0,159.4
797.0,55.0,159.6
798.0,55.0,159.8
799.0,55.0,160.0
800.0,55.0,160.2
801.0,55.0,160.4
802.0,55.0,160.6
803.0,55.0,160.8
804.0,55.0,161.0
805.0,55.0,161.2
806.0,55.0,161.4
807.0,55.0,161.6
808.0,55.0,161.8
809.0,55.0,162.0
810.0,55.0,162.2
811.0,55.0,162.4
812.0,55.0,162.6
813.0,55.0,162.8
814.0,55.0,163.0
815.0,55.0,163.2
816.0,55.0,163.4
817.0,55.0,163.6
818.0,55.0,163.8
819.0,55.0,164.0
820.0,55.0,164.2
821.0,55.0,164.4
822.0,55.0,164.6
823.0,55.0,164.8
824.0,55.0,165.0
825.0,55.0,165.2
826.0,55.0,165.4
827.0,55.0,165.6
828.0,55.0,165.8
829.0,55.0,166.0
830.0,55.0,166.2
831.0,55.0,166.4
832.0,55.0,166.6
833.0,55.0,166.8
834.0,55.0,167.0
835.0,55.0,167.2
836.0,55.0,167.4
837.0,55.0,167.6
838.0,55.0,167.8
839.0,55.0,168.0
840.0,55.0,168.2
841.0,55.0,168.4
842.0,55.0,168.6
843.0,55.0,168.8
844.0,55.0,169.0
845.0,55.0,169.2
846.0,55.0,169.4
847.0,55.0,169.6
848.0,55.0,169.8
849.0,55.0,170.0
850.0,55.0,170.2
851.0,55.0,170.4
852.0,55.0,170.6
853.0,55.0,170.8
854.0,55.0,171.0
855.0,55.0,171.2
856.0,55.0,171.4
857.0,55.0,171.6
858.0,55.0,171.8
859.0,55.0,172.0
860.0,55.0,172.2
861.0,55.0,172.4
862.0,55.0,172.6
863.0,55.0,172.8
864.0,55.0,173.0
865.0,55.0,173.2
866.0,55.0,173.4
867.0,55.0,173.6
868.0,55.0,173.8
869.0,55.0,174.0
870.0,55.0,174.2
871.0,55.0,174.4
872.0,55.0,174.6
873.0,55.0,174.8
874.0,55.0,175.0
875.0,55.0,175.2
876.0,55.0,175.4
877.0,55.0,175.6
878.0,55.0,175.8
879.0,55.0,176.0
880.0,55.0,176.2
881.0,55.0,176.4
882.0,55.0,176.6
883.0,55.0,176.8
884.0,55.0,177.0
885.0,55.0,177.2
886.0,55.0,177.4
887.0,55.0,177.6
888.0,55.0,177.8
889.0,55.0,178.0
890.0,55.0,178.2
891.0,55.0,178.4
892.0,55.0,178.6
893.0,55.0,178.8
894.0,55.0,179.0
895.0,55.0,179.2
896.0,55.0,179.4
897.0,55.0,179.6
898.0,55.0,179.8
899.0,55.0,180.0
900.0,55.0,180.2
901.0,55.0,180.4
902.0,55.0,180.6
903.0,55.0,180.8
904.0,55.0,181.0
905.0,55.0,181.2
906.0,55.0,181.4
907.0,55.0,181.6
908.0,55.0,181.8
909.0,55.0,182.0
910.0,55.0,182.2
911.0,55.0,182.4
912.0,55.0,182.6
913.0,55.0,182.8
914.0,55.0,183.0
915.0,55.0,183.2
916.0,55.0,183.4
917.0,55.0,183.6
918.0,55.0,183.8
919.0,55.0,184.0
920.0,55.0,184.2
921.0,55.0,184.4
922.0,55.0,184.6
923.0,55.0,184.8
924.0,55.0,185.0
925.0,55.0,185.2
926.0,55.0,185.4
927.0,55.0,185.6
928.0,55.0,185.8
929.0,55.0,186.0
930.0,55.0,186.2
931.0,55.0,186.4
932.0,55.0,186.6
933.0,55.0,186.8
934.0,55.0,187.0
935.0,55.0,187.2
936.0,55.0,187.4
937.0,55.0,187.6
938.0,55.0,187.8
939.0,55.0,188.0
940.0,55.0,188.2
941.0,55.0,188.4
942.0,55.0,188.6
943.0,55.0,188.8
944.0,55.0,189.0
945.0,55.0,189.2
946.0,55.0,189.4
947.0,55.0,189.6
948.0,55.0,189.8
949.0,55.0,190.0
950.0,55.0,190.2
951.0,55.0,190.4
952.0,55.0,190.6
953.0,55.0,190.8
954.0,55.0,191.0
955.0,55.0,191.2
956.0,55.0,191.4
957.0,55.0,191.6
958.0,55.0,191.8
959.0,55.0,192.0
960.0,55.0,192.2
961.0,55.0,192.4
962.0,55.0,192.6
963.0,55.0,192.8
964.0,55.0,193.0
965.0,55.0,193.2
966.0,55.0,193.4
967.0,55.0,193.6
968.0,55.0,193.8
969.0,55.0,194.0
970.0,55.0,194.2
971.0,55.0,194.4
972.0,55.0,194.6
973.0,55.0,194.8
974.0,55.0,195.0
975.0,55.0,195.2
976.0,55.0,195.4
977.0,55.0,195.6
978.0,55.0,195.8
979.0,55.0,196.0
980.0,55.0,196.2
981.0,55.0,196.4
982.0,55.0,196.6
983.0,55.0,196.8
984.0,55.0,197.0
985.0,55.0,197.2
986.0,55.0,197.4
987.0,55.0,197.6
988.0,55.0,197.8
989.0,55.0,198.0
990.0,55.0,198.2
991.0,55.0,198.4
992.0,55.0,198.6
993.0,55.0,198.8
994.0,55.0,199.0
995.0,55.0,199.2
996.0,55.0,199.4
997.0,55.0,199.6
998.0,55.0,199.8
999.0,55.0,200.0
1000.0,55.0,200.2
1001.0,55.0,200.4
1002.0,55.0,200.6
1003.0,55.0,200.8
1004.0,55.0,201.0
1005.0,55.0,201.2
1006.0,55.0,201.4
1007.0,55.0,201.6
1008.0,55.0,201.8
1009.0,55.0,202.0
1010.0,55.0,202.2
1011.0,55.0,202.4
1012.0,55.0,202.6
1013.0,55.0,202.8
1014.0,55.0,203.0
1015.0,55.0,203.2
1016.0,55.0,203.4
1017.0,55.0,203.6
1018.0,55.0,203.8
1019.0,55.0,204.0
1020.0,55.0,204.2
1021.0,55.0,204.4
1022.0,55.0,204.6
1023.0,55.0,204.8
1024.0,55.0,205.0
1025.0,55.0,205.2
1026.0,55.0,205.4
1027.0,55.0,205.6
1028.0,55.0,205.8
1029.0,55.0,206.0
1030.0,55.0,206.2
1031.0,55.0,206.4
1032.0,55.0,206.6
1033.0,55.0,206.8
1034.0,55.0,207.0
1035.0,55.0,207.2
1036.0,55.0,207.4
1037.0,55.0,207.6
1038.0,55.0,207.8
1039.0,55.0,208.0
1040.0,55.0,208.2
1041.0,55.0,208.4
1042.0,55.0,208.6
1043.0,55.0,208.8
1044.0,55.0,209.0
1045.0,55.0,209.2
1046.0,55.0,209.4
1047.0,55.0,209.6
1048.0,55.0,209.8
1049.0,55.0,210.0
1050.0,55.0,210.2
1051.0,55.0,210.4
1052.0,55.0,210.6
1053.0,55.0,210.8
1054.0,55.0,211.0
1055.0,55.0,211.2
1056.0,55.0,211.4
1057.0,55.0,211.6
1058.0,55.0,211.8
1059.0,55.0,212.0
1060.0,55.0,212.2
1061.0,55.0,212.4
1062.0,55.0,212.6
1063.0,55.0,212.8
1064.0,55.0,213.0
1065.0,55.0,213.2
1066.0,55.0,213.4
1067.0,55.0,213.6
1068.0,55.0,213.8
1069.0,55.0,214.0
1070.0,55.0,214.2
1071.0,55.0,214.4
1072.0,55.0,214.6
1073.0,55.0,214.8
1074.0,55.0,215.0
1075.0,55.0,215.2
1076.0,55.0,215.4
1077.0,55.0,215.6
1078.0,55.0,215.8
1079.0,55.0,216.0
1080.0,55.0,216.2
1081.0,55.0,216.4
1082.0,55.0,216.6
1083.0,55.0,216.8
1084.0,55.0,217.0
1085.0,55.0,217.2
1086.0,55.0,217.4
1087.0,55.0,217.6
1088.0,55.0,217.8
1089.0,55.0,218.0
1090.0,55.0,218.2
1091.0,55.0,218.4
1092.0,55.0,218.6
1093.0,55.0,218.8
1094.0,55.0,219.0
1095.0,55.0,219.2
1096.0,55.0,219.4
1097.0,55.0,219.6
1098.0,55.0,219.8
1099.0,55.0,220.0
1100.0,55.0,220.2
1101.0,55.0,220.4
1102.0,55.0,220.6
1103.0,55.0,220.8
1104.0,55.0,221.0
1105.0,55.0,221.2
1106.0,55.0,221.4
1107.0,55.0,221.6
1108.0,55.0,221.8
1109.0,55.0,222.0
1110.0,55.0,222.2
1111.0,55.0,222.4
1112.0,55.0,222.6
1113.0,55.0,222.8
1114.0,55.0,223.0
1115.0,55.0,223.2
1116.0,55.0,223.4
1117.0,55.0,223.6
1118.0,55.0,223.8
1119.0,55.0,224.0
1120.0,55.0,224.2
1121.0,55.0,224.4
1122.0,55.0,224.6
1123.0,55.0,224.8
1124.0,55.0,225.0
1125.0,55.0,225.2
1126.0,55.0,225.4
1127.0,55.0,225.6
1128.0,55.0,225.8
1129.0,55.0,226.0
1130.0,55.0,226.2
1131.0,55.0,226.4
1132.0,55.0,226.6
1133.0,55.0,226.8
1134.0,55.0,227.0
1135.0,55.0,227.2
1136.0,55.0,227.4
1137.0,55.0,227.6
1138.0,55.0,227.8
1139.0,55.0,228.0
1140.0,55.0,228.2
1141.0,55.0,228.4
1142.0,55.0,228.6
1143.0,55.0,228.8
1144.0,55.0,229.0
1145.0,55.0,229.2
1146.0,55.0,229.4
1147.0,55.0,229.6
1148.0,55.0,229.8
1149.0,55.0,230.0
1150.0,55.0,230.2
1151.0,55.0,230.4
1152.0,55.0,230.6
1153.0,55.0,230.8
1154.0,55.0,231.0
1155.0,55.0,231.2
1156.0,55.0,231.4
1157.0,55.0,231.6
1158.0,55.0,231.8
1159.0,55.0,232.0
1160.0,55.0,232.2
1161.0,55.0,232.4
1162.0,55.0,232.6
1163.0,55.0,232.8
1164.0,55.0,233.0
1165.0,55.0,233.2
1166.0,55.0,233.4
1167.0,55.0,233.6
1168.0,55.0,233.8
1169.0,55.0,234.0
1170.0,55.0,234.2
1171.0,55.0,234.4
1172.0,55.0,234.6
1173.0,55.0,234.8
1174.0,55.0,235.0
1175.0,55.0,235.2
1176.0,55.0,235.4
1177.0,55.0,235.6
1178.0,55.0,235.8
1179.0,55.0,236.0
1180.0,55.0,236.2
1181.0,55.0,236.4
1182.0,55.0,236.6
1183.0,55.0,236.8
1184.0,55.0,237.0
1185.0,55.0,237.2
1186.0,55.0,237.4
1187.0,55.0,237.6
1188.0,55.0,237.8
1189.0,55.0,238.0
1190.0,55.0,238.2
1191.0,55.0,238.4
1192.0,55.0,238.6
1193.0,55.0,238.8
1194.0,55.0,239.0
1195.0,55.0,239.2
1196.0,55.0,239.4
1197.0,55.0,239.6
1198.0,55.0,239.8
1199.0,55.0,240.0
1200.0,55.0,240.2
1201.0,55.0,240.4
1202.0,55.0,240.6
1203.0,55.0,240.8
1204.0,55.0,241.0
1205.0,55.0,241.2
1206.0,55.0,241.4
1207.0,55.0,241.6
1208.0,55.0,241.8
1209.0,55.0,242.0
1210.0,55.0,242.2
1211.0,55.0,242.4
1212.0,55.0,242.6
1213.0,55.0,242.8
1214.0,55.0,243.0
1215.0,55.0,243.2
1216.0,55.0,243.4
1217.0,55.0,243.6
1218.0,55.0,243.8
1219.0,55.0,244.0
1220.0,55.0,244.2
1221.0,55.0,244.4
1222.0,55.0,244.6
1223.0,55.0,244.8
1224.0,55.0,245.0
1225.0,55.0,245.2
1226.0,55.0,245.4
1227.0,55.0,245.6
1228.0,55.0,245.8
1229.0,55.0,246.0
1230.0,55.0,246.2
1231.0,55.0,246.4
1232.0,55.0,246.6
1233.0,55.0,246.8
1234.0,55.0,247.0
1235.0,55.0,247.2
1236.0,55.0,247.4
1237.0,55.0,247.6
1238.0,55.0,247.8
1239.0,55.0,248.0
1240.0,55.0,248.2
1241.0,55.0,248.4
1242.0,55.0,248.6
1243.0,55.0,248.8
1244.0,55.0,249.0
1245.0,55.0,249.2
1246.0,55.0,249.4
1247.0,55.0,249.6
1248.0,55.0,249.8
1249.0,55.0,250.0
1250.0,55.0,250.2
1251.0,55.0,250.4
1252.0,55.0,250.6
1253.0,55.0,250.8
1254.0,55.0,251.0
1255.0,55.0,251.2
1256.0,55.0,251.4
1257.0,55.0,251.6
1258.0,55.0,251.8
1259.0,55.0,252.0
1260.0,55.0,252.2
1261.0,55.0,252.4
1262.0,55.0,252.6
1263.0,55.0,252.8
1264.0,55.0,253.0
1265.0,55.0,253.2
1266.0,55.0,253.4
1267.0,55.0,253.6
1268.0,55.0,253.8
1269.0,55.0,254.0
1270.0,55.0,254.2
1271.0,55.0,254.4
1272.0,55.0,254.6
1273.0,55.0,254.8
1274.0,55.0,255.0
1275.0,55.0,255.2
1276.0,55.0,255.4
1277.0,55.0,255.6
1278.0,55.0,255.8
1279.0,55.0,256.0
1280.0,55.0,256.2
1281.0,55.0,256.4
1282.0,55.0,256.6
1283.0,55.0,256.8
1284.0,55.0,257.0
1285.0,55.0,257.2
1286.0,55.0,257.4
1287.0,55.0,257.6
1288.0,55.0,257.8
1289.0,55.0,258.0
1290.0,55.0,258.2
1291.0,55.0,258.4
1292.0,55.0,258.6
1293.0,55.0,258.8
1294.0,55.0,259.0
1295.0,55.0,259.2
1296.0,55.0,259.4
1297.0,55.0,259.6
1298.0,55.0,259.8
1299.0,55.08695652173913,260.0
1300.0,55.173913043478265,260.2
1301.0,55.2608695652174,260.4
1302.0,55.34782608695653,260.6
1303.0,55.43478260869566,260.8
1304.0,55.521739130434796,261.0
1305.0,55.60869565217393,261.2
1306.0,55.69565217391306,261.4
1307.0,55.78260869565219,261.6
1308.0,55.869565217391326,261.8
1309.0,55.95652173913046,262.0
1310.0,56.04347826086959,262.2
1311.0,56.130434782608724,262.4
1312.0,56.217391304347856,262.6
1313.0,56.30434782608699,262.8
1314.0,56.39130434782612,263.0
1315.0,56.478260869565254,263.2
1316.0,56.56521739130439,263.4
1317.0,56.65217391304352,263.6
1318.0,56.73913043478265,263.8
1319.0,56.826086956521785,264.0
1320.0,56.91304347826092,264.2
1321.0,57.00000000000005,264.4
1322.0,57.08695652173918,264.6
1323.0,57.173913043478315,264.8
1324.0,57.26086956521745,265.0
1325.0,57.34782608695658,265.2
1326.0,57.43478260869571,265.4
1327.0,57.521739130434845,265.6
1328.0,57.60869565217398,265.8
1329.0,57.69565217391311,266.0
1330.0,57.78260869565224,266.2
1331.0,57.869565217391376,266.4
1332.0,57.95652173913051,266.6
1333.0,58.04347826086964,266.8
1334.0,58.13043478260877,267.0
1335.0,58.217391304347906,267.2
1336.0,58.30434782608704,267.4
1337.0,58.39130434782617,267.6
1338.0,58.478260869565304,267.8
1339.0,58.56521739130444,268.0
1340.0,58.65217391304357,268.2
1341.0,58.7391304347827,268.4
1342.0,58.826086956521834,268.6
1343.0,58.91304347826097,268.8
1344.0,59.0000000000001,269.0
1345.0,59.08695652173923,269.2
1346.0,59.173913043478365,269.4
1347.0,59.2608695652175,269.6
1348.0,59.34782608695663,269.8
1349.0,59.43478260869576,270.0
1350.0,59.521739130434895,270.2
1351.0,59.60869565217403,270.4
1352.0,59.69565217391316,270.6
1353.0,59.78260869565229,270.8
1354.0,59.869565217391425,271.0
1355.0,59.95652173913056,271.2
1356.0,60.04347826086969,271.4
1357.0,60.13043478260882,271.6
1358.0,60.217391304347956,271.8
1359.0,60.30434782608709,272.0
1360.0,60.39130434782622,272.2
1361.0,60.478260869565354,272.4
1362.0,60.565217391304486,272.6
1363.0,60.65217391304362,272.8
1364.0,60.73913043478275,273.0
1365.0,60.826086956521884,273.2
1366.0,60.91304347826102,273.4
1367.0,61.00000000000015,273.6
1368.0,61.08695652173928,273.8
1369.0,61.173913043478414,274.0
1370.0,61.26086956521755,274.2
1371.0,61.34782608695668,274.4
1372.0,61.43478260869581,274.6
1373.0,61.521739130434945,274.8
1374.0,61.60869565217408,275.0
1375.0,61.69565217391321,275.2
1376.0,61.78260869565234,275.4
1377.0,61.869565217391475,275.6
1378.0,61.95652173913061,275.8
1379.0,62.04347826086974,276.0
1380.0,62.13043478260887,276.2
1381.0,62.217391304348006,276.4
1382.0,62.30434782608714,276.6
1383.0,62.39130434782627,276.8
1384.0,62.4782608695654,277.0
1385.0,62.565217391304536,277.2
1386.0,62.65217391304367,277.4
1387.0,62.7391304347828,277.6
1388.0,62.826086956521934,277.8
1389.0,62.913043478261066,278.0
1390.0,63.0000000000002,278.2
1391.0,63.08695652173933,278.4
1392.0,63.173913043478464,278.6
1393.0,63.2608695652176,278.8
1394.0,63.34782608695673,279.0
1395.0,63.43478260869586,279.2
1396.0,63.521739130434995,279.4
1397.0,63.60869565217413,279.6
1398.0,63.69565217391326,279.8
1399.0,63.78260869565239,280.0
1400.0,63.869565217391525,280.2
1401.0,63.95652173913066,280.4
1402.0,64.04347826086979,280.6
1403.0,64.13043478260892,280.8
1404.0,64.21739130434804,281.0
1405.0,64.30434782608717,281.2
1406.0,64.39130434782629,281.4
1407.0,64.47826086956542,281.6
1408.0,64.56521739130454,281.8
1409.0,64.65217391304367,282.0
1410.0,64.7391304347828,282.2
1411.0,64.82608695652192,282.4
1412.0,64.91304347826105,282.6
1413.0,65.00000000000017,282.8
1414.0,65.0869565217393,283.0
1415.0,65.17391304347842,283.2
1416.0,65.26086956521755,283.4
1417.0,65.34782608695667,283.6
1418.0,65.4347826086958,283.8
1419.0,65.52173913043492,284.0
1420.0,65.60869565217405,284.2
1421.0,65.69565217391317,284.4
1422.0,65.7826086956523,284.6
1423.0,65.86956521739143,284.8
1424.0,65.95652173913055,285.0
1425.0,66.04347826086968,285.2
1426.0,66.1304347826088,285.4
1427.0,66.21739130434793,285.6
1428.0,66.30434782608705,285.8
1429.0,66.39130434782618,286.0
1430.0,66.4782608695653,286.2
1431.0,66.56521739130443,286.4
1432.0,66.65217391304355,286.6
1433.0,66.73913043478268,286.8
1434.0,66.8260869565218,287.0
1435.0,66.91304347826093,287.2
1436.0,67.00000000000006,287.4
1437.0,67.08695652173918,287.6
1438.0,67.17391304347831,287.8
1439.0,67.26086956521743,288.0
1440.0,67.34782608695656,288.2
1441.0,67.43478260869568,288.4
1442.0,67.52173913043481,288.6
1443.0,67.60869565217394,288.8
1444.0,67.69565217391306,289.0
1445.0,67.78260869565219,289.2
1446.0,67.86956521739131,289.4
1447.0,67.95652173913044,289.6
1448.0,68.04347826086956,289.8
1449.0,68.13043478260869,290.0
1450.0,68.21739130434781,290.2
1451.0,68.30434782608694,290.4
1452.0,68.39130434782606,290.6
1453.0,68.47826086956519,290.8
1454.0,68.56521739130432,291.0
1455.0,68.65217391304344,291.2
1456.0,68.73913043478257,291.4
1457.0,68.82608695652169,291.6
1458.0,68.91304347826082,291.8
1459.0,68.99999999999994,292.0
1460.0,69.08695652173907,292.2
1461.0,69.1739130434782,292.4
1462.0,69.26086956521732,292.6
1463.0,69.34782608695645,292.8
1464.0,69.43478260869557,293.0
1465.0,69.5217391304347,293.2
1466.0,69.60869565217382,293.4
1467.0,69.69565217391295,293.6
1468.0,69.78260869565207,293.8
1469.0,69.8695652173912,294.0
1470.0,69.95652173913032,294.2
1471.0,70.04347826086945,294.4
1472.0,70.13043478260857,294.6
1473.0,70.2173913043477,294.8
1474.0,70.30434782608683,295.0
1475.0,70.39130434782595,295.2
1476.0,70.47826086956508,295.4
1477.0,70.5652173913042,295.6
1478.0,70.65217391304333,295.8
1479.0,70.73913043478245,296.0
1480.0,70.82608695652158,296.2
1481.0,70.9130434782607,296.4
1482.0,70.99999999999983,296.6
1483.0,71.08695652173895,296.8
1484.0,71.17391304347808,297.0
1485.0,71.2608695652172,297.2
1486.0,71.34782608695633,297.4
1487.0,71.43478260869546,297.6
1488.0,71.52173913043458,297.8
1489.0,71.60869565217371,298.0
1490.0,71.69565217391283,298.2
1491.0,71.78260869565196,298.4
1492.0,71.86956521739108,298.6
1493.0,71.95652173913021,298.8
1494.0,72.04347826086934,299.0
1495.0,72.13043478260846,299.2
1496.0,72.21739130434759,299.4
1497.0,72.30434782608671,299.6
1498.0,72.39130434782584,299.8
1499.0,72.47826086956496,300.0
1500.0,72.56521739130409,300.2
1501.0,72.65217391304321,300.4
1502.0,72.73913043478234,300.6
1503.0,72.82608695652146,300.8
1504.0,72.91304347826059,301.0
1505.0,72.99999999999972,301.2
1506.0,73.08695652173884,301.4
1507.0,73.17391304347797,301.6
1508.0,73.26086956521709,301.8
1509.0,73.34782608695622,302.0
1510.0,73.43478260869534,302.2
1511.0,73.52173913043447,302.4
1512.0,73.6086956521736,302.6
1513.0,73.69565217391272,302.8
1514.0,73.78260869565185,303.0
1515.0,73.86956521739097,303.2
1516.0,73.9565217391301,303.4
1517.0,74.04347826086922,303.6
1518.0,74.13043478260835,303.8
1519.0,74.21739130434747,304.0
1520.0,74.3043478260866,304.2
1521.0,74.39130434782572,304.4
1522.0,74.47826086956485,304.6
1523.0,74.56521739130397,304.8
1524.0,74.6521739130431,305.0
1525.0,74.73913043478223,305.2
1526.0,74.82608695652135,305.4
1527.0,74.91304347826048,305.6
1528.0,74.9999999999996,305.8
1529.0,75.08695652173873,306.0
1530.0,75.17391304347785,306.2
1531.0,75.26086956521698,306.4
1532.0,75.3478260869561,306.6
1533.0,75.43478260869523,306.8
1534.0,75.52173913043436,307.0
1535.0,75.60869565217348,307.2
1536.0,75.6956521739126,307.4
1537.0,75.78260869565173,307.6
1538.0,75.86956521739086,307.8
1539.0,75.95652173912998,308.0
1540.0,76.04347826086911,308.2
1541.0,76.13043478260823,308.4
1542.0,76.21739130434736,308.6
1543.0,76.30434782608648,308.8
1544.0,76.39130434782561,309.0
1545.0,76.47826086956474,309.2
1546.0,76.56521739130386,309.4
1547.0,76.65217391304299,309.6
1548.0,76.73913043478211,309.8
1549.0,76.82608695652124,310.0
1550.0,76.91304347826036,310.2
1551.0,76.99999999999949,310.4
1552.0,77.08695652173861,310.6
1553.0,77.17391304347774,310.8
1554.0,77.26086956521686,311.0
1555.0,77.34782608695599,311.2
1556.0,77.43478260869512,311.4
1557.0,77.52173913043424,311.6
1558.0,77.60869565217337,311.8
1559.0,77.69565217391249,312.0
1560.0,77.78260869565162,312.2
1561.0,77.86956521739074,312.4
1562.0,77.95652173912987,312.6
1563.0,78.043478260869,312.8
1564.0,78.13043478260812,313.0
1565.0,78.21739130434725,313.2
1566.0,78.30434782608637,313.4
1567.0,78.3913043478255,313.6
1568.0,78.47826086956462,313.8
1569.0,78.56521739130375,314.0
1570.0,78.65217391304287,314.2
1571.0,78.739130434782,314.4
1572.0,78.82608695652112,314.6
1573.0,78.91304347826025,314.8
1574.0,78.99999999999937,315.0
1575.0,79.0869565217385,315.2
1576.0,79.17391304347763,315.4
1577.0,79.26086956521675,315.6
1578.0,79.34782608695588,315.8
1579.0,79.434782608695,316.0
1580.0,79.52173913043413,316.2
1581.0,79.60869565217325,316.4
1582.0,79.69565217391238,316.6
1583.0,79.7826086956515,316.8
1584.0,79.86956521739063,317.0
1585.0,79.95652173912976,317.2
1586.0,80.04347826086888,317.4
1587.0,80.130434782608,317.6
1588.0,80.21739130434713,317.8
1589.0,80.30434782608626,318.0
1590.0,80.39130434782538,318.2
1591.0,80.47826086956451,318.4
1592.0,80.56521739130363,318.6
1593.0,80.65217391304276,318.8
1594.0,80.73913043478188,319.0
1595.0,80.82608695652101,319.2
1596.0,80.91304347826014,319.4
1597.0,80.99999999999926,319.6
1598.0,81.08695652173839,319.8
1599.0,81.17391304347751,320.0
1600.0,81.26086956521664,320.2
1601.0,81.34782608695576,320.4
1602.0,81.43478260869489,320.6
1603.0,81.52173913043401,320.8
1604.0,81.60869565217314,321.0
1605.0,81.69565217391226,321.2
1606.0,81.78260869565139,321.4
1607.0,81.86956521739052,321.6
1608.0,81.95652173912964,321.8
1609.0,82.04347826086877,322.0
1610.0,82.13043478260789,322.2
1611.0,82.21739130434702,322.4
1612.0,82.30434782608614,322.6
1613.0,82.39130434782527,322.8
1614.0,82.4782608695644,323.0
1615.0,82.56521739130352,323.2
1616.0,82.65217391304265,323.4
1617.0,82.73913043478177,323.6
1618.0,82.8260869565209,323.8
1619.0,82.91304347826002,324.0
1620.0,82.99999999999915,324.2
1621.0,83.08695652173827,324.4
1622.0,83.1739130434774,324.6
1623.0,83.26086956521652,324.8
1624.0,83.34782608695565,325.0
1625.0,83.43478260869477,325.2
1626.0,83.5217391304339,325.4
1627.0,83.60869565217303,325.6
1628.0,83.69565217391215,325.8
1629.0,83.78260869565128,326.0
1630.0,83.8695652173904,326.2
1631.0,83.95652173912953,326.4
1632.0,84.04347826086865,326.6
1633.0,84.13043478260778,326.8
1634.0,84.2173913043469,327.0
1635.0,84.30434782608603,327.2
1636.0,84.39130434782516,327.4
1637.0,84.47826086956428,327.6
1638.0,84.5652173913034,327.8
1639.0,84.65217391304253,328.0
1640.0,84.73913043478166,328.2
1641.0,84.82608695652078,328.4
1642.0,84.91304347825991,328.6
1643.0,84.99999999999903,328.8
1644.0,85.08695652173816,329.0
1645.0,85.17391304347728,329.2
1646.0,85.26086956521641,329.4
1647.0,85.34782608695554,329.6
1648.0,85.43478260869466,329.8
1649.0,85.52173913043379,330.0
1650.0,85.60869565217291,330.2
1651.0,85.69565217391204,330.4
1652.0,85.78260869565116,330.6
1653.0,85.86956521739029,330.8
1654.0,85.95652173912941,331.0
1655.0,86.04347826086854,331.2
1656.0,86.13043478260767,331.4
1657.0,86.21739130434679,331.6
1658.0,86.30434782608592,331.8
1659.0,86.39130434782504,332.0
1660.0,86.47826086956417,332.2
1661.0,86.56521739130329,332.4
1662.0,86.65217391304242,332.6
1663.0,86.73913043478154,332.8
1664.0,86.82608695652067,333.0
1665.0,86.9130434782598,333.2
1666.0,86.99999999999892,333.4
1667.0,87.08695652173805,333.6
1668.0,87.17391304347717,333.8
1669.0,87.2608695652163,334.0
1670.0,87.34782608695542,334.2
1671.0,87.43478260869455,334.4
1672.0,87.52173913043367,334.6
1673.0,87.6086956521728,334.8
1674.0,87.69565217391192,335.0
1675.0,87.78260869565105,335.2
1676.0,87.86956521739017,335.4
1677.0,87.9565217391293,335.6
1678.0,88.04347826086843,335.8
1679.0,88.13043478260755,336.0
1680.0,88.21739130434668,336.2
1681.0,88.3043478260858,336.4
1682.0,88.39130434782493,336.6
1683.0,88.47826086956405,336.8
1684.0,88.56521739130318,337.0
1685.0,88.6521739130423,337.2
1686.0,88.73913043478143,337.4
1687.0,88.82608695652056,337.6
1688.0,88.91304347825968,337.8
1689.0,88.9999999999988,338.0
1690.0,89.08695652173793,338.2
1691.0,89.17391304347706,338.4
1692.0,89.26086956521618,338.6
1693.0,89.34782608695531,338.8
1694.0,89.43478260869443,339.0
1695.0,89.52173913043356,339.2
1696.0,89.60869565217268,339.4
1697.0,89.69565217391181,339.6
1698.0,89.78260869565094,339.8
1699.0,89.86956521739006,340.0
1700.0,89.95652173912919,340.2
1701.0,90.04347826086831,340.4
1702.0,90.13043478260744,340.6
1703.0,90.21739130434656,340.8
1704.0,90.30434782608569,341.0
1705.0,90.39130434782481,341.2
1706.0,90.47826086956394,341.4
1707.0,90.56521739130307,341.6
1708.0,90.65217391304219,341.8
1709.0,90.73913043478132,342.0
1710.0,90.82608695652044,342.2
1711.0,90.91304347825957,342.4
1712.0,90.99999999999869,342.6
1713.0,91.08695652173782,342.8
1714.0,91.17391304347694,343.0
1715.0,91.26086956521607,343.2
1716.0,91.3478260869552,343.4
1717.0,91.43478260869432,343.6
1718.0,91.52173913043345,343.8
1719.0,91.60869565217257,344.0
1720.0,91.6956521739117,344.2
1721.0,91.78260869565082,344.4
1722.0,91.86956521738995,344.6
1723.0,91.95652173912907,344.8
1724.0,92.0434782608682,345.0
1725.0,92.13043478260732,345.2
1726.0,92.21739130434645,345.4
1727.0,92.30434782608557,345.6
1728.0,92.3913043478247,345.8
1729.0,92.47826086956383,346.0
1730.0,92.56521739130295,346.2
1731.0,92.65217391304208,346.4
1732.0,92.7391304347812,346.6
1733.0,92.82608695652033,346.8
1734.0,92.91304347825945,347.0
1735.0,92.99999999999858,347.2
1736.0,93.0869565217377,347.4
1737.0,93.17391304347683,347.6
1738.0,93.26086956521596,347.8
1739.0,93.34782608695508,348.0
1740.0,93.4347826086942,348.2
1741.0,93.52173913043333,348.4
1742.0,93.60869565217246,348.6
1743.0,93.69565217391158,348.8
1744.0,93.78260869565071,349.0
1745.0,93.86956521738983,349.2
1746.0,93.95652173912896,349.4
1747.0,94.04347826086808,349.6
1748.0,94.13043478260721,349.8
1749.0,94.21739130434634,350.0
1750.0,94.30434782608546,350.2
1751.0,94.39130434782459,350.4
1752.0,94.47826086956371,350.6
1753.0,94.56521739130284,350.8
1754.0,94.65217391304196,351.0
1755.0,94.73913043478109,351.2
1756.0,94.82608695652021,351.4
1757.0,94.91304347825934,351.6
1758.0,94.99999999999847,351.8
1759.0,95.08695652173759,352.0
1760.0,95.17391304347672,352.2
1761.0,95.26086956521584,352.4
1762.0,95.34782608695497,352.6
1763.0,95.43478260869409,352.8
1764.0,95.52173913043322,353.0
1765.0,95.60869565217234,353.2
1766.0,95.69565217391147,353.4
1767.0,95.7826086956506,353.6
1768.0,95.86956521738972,353.8
1769.0,95.95652173912885,354.0
1770.0,96.04347826086797,354.2
1771.0,96.1304347826071,354.4
1772.0,96.21739130434622,354.6
1773.0,96.30434782608535,354.8
1774.0,96.39130434782447,355.0
1775.0,96.4782608695636,355.2
1776.0,96.56521739130272,355.4
1777.0,96.65217391304185,355.6
1778.0,96.73913043478098,355.8
1779.0,96.8260869565201,356.0
1780.0,96.91304347825923,356.2
1781.0,96.99999999999835,356.4
1782.0,97.08695652173748,356.6
1783.0,97.1739130434766,356.8
1784.0,97.26086956521573,357.0
1785.0,97.34782608695485,357.2
1786.0,97.43478260869398,357.4
1787.0,97.5217391304331,357.6
1788.0,97.60869565217223,357.8
1789.0,97.69565217391136,358.0
1790.0,97.78260869565048,358.2
1791.0,97.8695652173896,358.4
1792.0,97.95652173912873,358.6
1793.0,98.04347826086786,358.8
1794.0,98.13043478260698,359.0
1795.0,98.21739130434611,359.2
1796.0,98.30434782608523,359.4
1797.0,98.39130434782436,359.6
1798.0,98.47826086956348,359.8
1799.0,98.56521739130261,360.0
1800.0,98.65217391304174,360.2
1801.0,98.73913043478086,360.4
1802.0,98.82608695651999,360.6
1803.0,98.91304347825911,360.8
1804.0,98.99999999999824,361.0
1805.0,99.08695652173736,361.2
1806.0,99.17391304347649,361.4
1807.0,99.26086956521561,361.6
1808.0,99.34782608695474,361.8
1809.0,99.43478260869387,362.0
1810.0,99.52173913043299,362.2
1811.0,99.60869565217212,362.4
1812.0,99.69565217391124,362.6
1813.0,99.78260869565037,362.8
1814.0,99.86956521738949,363.0
1815.0,99.95652173912862,363.2
1816.0,100.04347826086774,363.4
1817.0,100.13043478260687,363.6
1818.0,100.217391304346,363.8
1819.0,100.30434782608512,364.0
1820.0,100.39130434782425,364.2
1821.0,100.47826086956337,364.4
1822.0,100.5652173913025,364.6
1823.0,100.65217391304162,364.8
1824.0,100.73913043478075,365.0
1825.0,100.82608695651987,365.2
1826.0,100.913043478259,365.4
1827.0,100.99999999999812,365.6
1828.0,101.08695652173725,365.8
1829.0,101.17391304347638,366.0
1830.0,101.2608695652155,366.2
1831.0,101.34782608695463,366.4
1832.0,101.43478260869375,366.6
1833.0,101.52173913043288,366.8
1834.0,101.608695652172,367.0
1835.0,101.69565217391113,367.2
1836.0,101.78260869565025,367.4
1837.0,101.86956521738938,367.6
1838.0,101.9565217391285,367.8
1839.0,102.04347826086763,368.0
1840.0,102.13043478260676,368.2
1841.0,102.21739130434588,368.4
1842.0,102.304347826085,368.6
1843.0,102.39130434782413,368.8
1844.0,102.47826086956326,369.0
1845.0,102.56521739130238,369.2
1846.0,102.65217391304151,369.4
1847.0,102.73913043478063,369.6
1848.0,102.82608695651976,369.8
1849.0,102.91304347825888,370.0
1850.0,102.99999999999801,370.2
1851.0,103.08695652173714,370.4
1852.0,103.17391304347626,370.6
1853.0,103.26086956521539,370.8
1854.0,103.34782608695451,371.0
1855.0,103.43478260869364,371.2
1856.0,103.52173913043276,371.4
1857.0,103.60869565217189,371.6
1858.0,103.69565217391101,371.8
1859.0,103.78260869565014,372.0
1860.0,103.86956521738927,372.2
1861.0,103.95652173912839,372.4
1862.0,104.04347826086752,372.6
1863.0,104.13043478260664,372.8
1864.0,104.21739130434577,373.0
1865.0,104.30434782608489,373.2
1866.0,104.39130434782402,373.4
1867.0,104.47826086956314,373.6
1868.0,104.56521739130227,373.8
1869.0,104.6521739130414,374.0
1870.0,104.73913043478052,374.2
1871.0,104.82608695651965,374.4
1872.0,104.91304347825877,374.6
1873.0,104.9999999999979,374.8
1874.0,105.08695652173702,375.0
1875.0,105.17391304347615,375.2
1876.0,105.26086956521527,375.4
1877.0,105.3478260869544,375.6
1878.0,105.43478260869352,375.8
1879.0,105.52173913043265,376.0
1880.0,105.60869565217178,376.2
1881.0,105.6956521739109,376.4
1882.0,105.78260869565003,376.6
1883.0,105.86956521738915,376.8
1884.0,105.95652173912828,377.0
1885.0,106.0434782608674,377.2
1886.0,106.13043478260653,377.4
1887.0,106.21739130434565,377.6
1888.0,106.30434782608478,377.8
1889.0,106.3913043478239,378.0
1890.0,106.47826086956303,378.2
1891.0,106.56521739130216,378.4
1892.0,106.65217391304128,378.6
1893.0,106.7391304347804,378.8
1894.0,106.82608695651953,379.0
1895.0,106.91304347825866,379.2
1896.0,106.99999999999778,379.4
1897.0,107.08695652173691,379.6
1898.0,107.17391304347603,379.8
1899.0,107.26086956521516,380.0
1900.0,107.34782608695429,380.2
1901.0,107.43478260869341,380.4
1902.0,107.52173913043254,380.6
1903.0,107.60869565217166,380.8
1904.0,107.69565217391079,381.0
1905.0,107.78260869564991,381.2
1906.0,107.86956521738904,381.4
1907.0,107.95652173912816,381.6
1908.0,108.04347826086729,381.8
1909.0,108.13043478260641,382.0
1910.0,108.21739130434554,382.2
1911.0,108.30434782608467,382.4
1912.0,108.39130434782379,382.6
1913.0,108.47826086956292,382.8
1914.0,108.56521739130204,383.0
1915.0,108.65217391304117,383.2
1916.0,108.7391304347803,383.4
1917.0,108.82608695651942,383.6
1918.0,108.91304347825854,383.8
1919.0,108.99999999999767,384.0
1920.0,109.0869565217368,384.2
1921.0,109.17391304347592,384.4
1922.0,109.26086956521505,384.6
1923.0,109.34782608695417,384.8
1924.0,109.4347826086933,385.0
1925.0,109.52173913043242,385.2
1926.0,109.60869565217155,385.4
1927.0,109.69565217391067,385.6
1928.0,109.7826086956498,385.8
1929.0,109.86956521738892,386.0
1930.0,109.95652173912805,386.2
1931.0,110.04347826086718,386.4
1932.0,110.1304347826063,386.6
1933.0,110.21739130434543,386.8
1934.0,110.30434782608455,387.0
1935.0,110.39130434782368,387.2
1936.0,110.4782608695628,387.4
1937.0,110.56521739130193,387.6
1938.0,110.65217391304105,387.8
1939.0,110.73913043478018,388.0
1940.0,110.8260869565193,388.2
1941.0,110.91304347825843,388.4
1942.0,110.99999999999756,388.6
1943.0,111.08695652173668,388.8
1944.0,111.1739130434758,389.0
1945.0,111.26086956521493,389.2
1946.0,111.34782608695406,389.4
1947.0,111.43478260869318,389.6
1948.0,111.52173913043231,389.8
1949.0,111.60869565217143,390.0
1950.0,111.69565217391056,390.2
1951.0,111.78260869564969,390.4
1952.0,111.86956521738881,390.6
1953.0,111.95652173912794,390.8
1954.0,112.04347826086706,391.0
1955.0,112.13043478260619,391.2
1956.0,112.21739130434531,391.4
1957.0,112.30434782608444,391.6
1958.0,112.39130434782356,391.8
1959.0,112.47826086956269,392.0
1960.0,112.56521739130181,392.2
1961.0,112.65217391304094,392.4
1962.0,112.73913043478007,392.6
1963.0,112.82608695651919,392.8
1964.0,112.91304347825832,393.0
1965.0,112.99999999999744,393.2
1966.0,113.08695652173657,393.4
1967.0,113.1739130434757,393.6
1968.0,113.26086956521482,393.8
1969.0,113.34782608695394,394.0
1970.0,113.43478260869307,394.2
1971.0,113.5217391304322,394.4
1972.0,113.60869565217132,394.6
1973.0,113.69565217391045,394.8
1974.0,113.78260869564957,395.0
1975.0,113.8695652173887,395.2
1976.0,113.95652173912782,395.4
1977.0,114.04347826086695,395.6
1978.0,114.13043478260607,395.8
1979.0,114.2173913043452,396.0
1980.0,114.30434782608432,396.2
1981.0,114.39130434782345,396.4
1982.0,114.47826086956258,396.6
1983.0,114.5652173913017,396.8
1984.0,114.65217391304083,397.0
1985.0,114.73913043477995,397.2
1986.0,114.82608695651908,397.4
1987.0,114.9130434782582,397.6
1988.0,114.99999999999733,397.8
1989.0,115.08695652173645,398.0
1990.0,115.17391304347558,398.2
1991.0,115.2608695652147,398.4
1992.0,115.34782608695383,398.6
1993.0,115.43478260869296,398.8
1994.0,115.52173913043208,399.0
1995.0,115.6086956521712,399.2
1996.0,115.69565217391033,399.4
1997.0,115.78260869564946,399.6
1998.0,115.86956521738858,399.8
1999.0,115.95652173912771,400.0
